insert into department values('CE', 24, 'CE');
insert into department values('URP', 16, 'CE');
insert into department values('BECM', 16, 'CE');
insert into department values('EEE', 24, 'EEE');
insert into department values('CSE', 20, 'EEE');
insert into department values('ECE', 16, 'EEE');
insert into department values('ME', 24, 'ME');
insert into department values('IEM', 16, 'ME');
insert into department values('MTE', 12, 'ME');

insert into student values('19101', 'Rayhanul Islam Chowdhury', 'CE', 22.00);
insert into student values('19401', 'Kamrul Hasan Kallol', 'URP', 20.00);
insert into student values('19701', 'Sanad Das Pranto', 'BECM', 20.00);
insert into student values('19201', 'Nakkhatra Roy Shuvo', 'EEE', 22.00);
insert into student values('19501', 'Samiul Islam Shoaib', 'CSE', 21.00);
insert into student values('19801', 'Adham Abhi', 'ECE', 20.50);
insert into student values('19301', 'Nishat Tasnim Zinia', 'ME', 22.00);
insert into student values('19601', 'Progga Paromita Adrita', 'IEM', 20.00);
insert into student values('19901', 'Sumaya Islam Shoitee', 'MTE', 19.50);
insert into student values('19102', 'Sabbir Rahman', 'CE', 22.00);
insert into student values('19402', 'Shohanur Rahman Shaikat', 'URP', 20.00);
insert into student values('19702', 'Nazmul Islam Sadee', 'BECM', 20.00);
insert into student values('19202', 'Jahidul Islam Joy', 'EEE', 22.00);
insert into student values('19502', 'Sabbir Ahmed', 'CSE', 21.00);
insert into student values('19802', 'Shoumik Ahmed Siam', 'ECE', 20.50);
insert into student values('19302', 'Mubtashim Abrar Nihal', 'ME', 22.00);
insert into student values('19602', 'Mihrab Hossain Mafi', 'IEM', 20.00);
insert into student values('19902', 'Abu Taher', 'MTE', 19.50);
--03
insert into student values('19103', 'Shaikh Mahmud', 'CE', 19.50);
insert into student values('19403', 'Mohammad Al Fahad', 'URP', 22.00);
insert into student values('19703', 'Imtiaj Hossain', 'BECM', 21.00);
insert into student values('19203', 'Tanoy Bhuiyan', 'EEE', 20.00);
insert into student values('19503', 'Jahidul Islam', 'CSE', 20.50);
insert into student values('19803', 'Mirajul Islam', 'ECE', 21.50);
insert into student values('19303', 'Tanvir Bhuiyan', 'ME', 21.00);
insert into student values('19603', 'Athar Ishrak', 'IEM', 22.00);
insert into student values('19903', 'Shahadat Hossain', 'MTE', 20.00);
--04
insert into student values('19104', 'Shaikh Mahmud', 'CE', 19.50);
insert into student values('19404', 'Mohammad Al Fahad', 'URP', 22.00);
insert into student values('19704', 'Imtiaj Hossain', 'BECM', 21.00);
insert into student values('19204', 'Tanoy Bhuiyan', 'EEE', 20.00);
insert into student values('19504', 'Jahidul Islam', 'CSE', 20.50);
insert into student values('19804', 'Mirajul Islam', 'ECE', 21.50);
insert into student values('19304', 'Tanvir Bhuiyan', 'ME', 21.00);
insert into student values('19604', 'Athar Ishrak', 'IEM', 22.00);
insert into student values('19904', 'Shahadat Hossain', 'MTE', 20.00);


insert into instructor values('11101', 'Dr. Muhammed Alamgir', 'CE', 120000);
insert into instructor values('11102', 'Dr. Quazi Hamidul Bari', 'CE', 110000);
insert into instructor values('22201', 'Dr. Md. Nurunnabi Mollah', 'EEE', 120000);
insert into instructor values('22202', 'Dr. Md. Rafiqul Islam', 'EEE', 110000);
insert into instructor values('33301', 'Dr. Md. Kutub Uddin', 'ME', 120000);
insert into instructor values('33302', 'Dr. Khandkar Aftab Hossain', 'ME', 110000);
insert into instructor values('44401', 'Dr. Md. Mustafa Saroar', 'URP', 100000);
insert into instructor values('44402', 'Tusar Kanti Roy', 'URP', 90000);
insert into instructor values('55501', 'Dr. M. M. A. Hashem', 'CSE', 100000);
insert into instructor values('55502', 'Dr. K. M. Azharul Hasan', 'CSE', 90000);
insert into instructor values('66601', 'Dr. Subrata Talapatra', 'IEM', 100000);
insert into instructor values('66602', 'Dr. Md. Rafiquzzaman', 'IEM', 90000);
insert into instructor values('77701', 'Md. Ikramul Hoque', 'BECM', 80000);
insert into instructor values('77702', 'Jhumana Akter', 'BECM', 70000);
insert into instructor values('88801', 'Dr. Md. Mostafizur Rahman', 'ECE', 80000);
insert into instructor values('88802', 'Dr. Md. Rafuque Hossain', 'ECE', 70000);
insert into instructor values('99901', 'Sourav Roy', 'MTE', 60000);
insert into instructor values('99902', 'Dr. Asief Javed', 'MTE', 50000);

insert into course values('CE3161', 'Engineering Hydraulics', 'CE', 4.00, '1st', '3rd');
insert into course values('CE3141', 'Environmental Engineering-I', 'CE', 3.00, '1st', '3rd');
insert into course values('URP3161', 'Housing and Real Estate Development', 'URP', 3.00, '1st', '3rd');
insert into course values('URP3107', 'Elements of Solid Mechanics', 'URP', 3.00, '1st', '3rd');
insert into course values('BECM3107', 'Construction Contract and Law', 'BECM', 4.00, '1st', '3rd');
insert into course values('BECM3115', 'Climate and Architectural Design', 'BECM', 2.00, '1st', '3rd');
insert into course values('EEE3113', 'Digital Electronics and Logic Design', 'EEE', 3.00, '1st', '3rd');
insert into course values('EEE3116', 'Sessional on Electrical Measurement and Instrumentation', 'EEE', 0.75, '1st', '3rd');
insert into course values('CSE3100', 'Web Programming Laboratory', 'CSE', 1.50, '1st', '3rd');
insert into course values('CSE3101', 'Operating Systems', 'CSE', 3.00, '1st', '3rd');
insert into course values('ECE3100', 'Internet Programming Laboratory', 'ECE', 1.50, '1st', '3rd');
insert into course values('ECE3109', 'Numerical Analysis', 'ECE', 3.00, '1st', '3rd');
insert into course values('ME3100', 'Special Studies', 'ME', 0.75, '1st', '3rd');
insert into course values('ME3119', 'Statistics &. Quality Control', 'ME', 4.00, '1st', '3rd');
insert into course values('IPE3103', 'Engineering Metallurgy', 'IEM', 3.00, '1st', '3rd');
insert into course values('IPE3115', 'Engineering Economy', 'IEM', 3.00, '1st', '3rd');
insert into course values('MTE3100', 'Seminar and Scientific Writing', 'MTE', 0.75, '1st', '3rd');
insert into course values('MTE3103', 'Microprocessor, Microcontroller and Interfacing', 'MTE', 3.00, '1st', '3rd');

insert into teaches values('11101', 'CE3161');
insert into teaches values('11102', 'CE3141');
insert into teaches values('22201', 'EEE3113');
insert into teaches values('22202', 'EEE3116');
insert into teaches values('33301', 'ME3100');
insert into teaches values('33302', 'ME3119');
insert into teaches values('44401', 'URP3161');
insert into teaches values('44402', 'URP3107');
insert into teaches values('55501', 'CSE3100');
insert into teaches values('55502', 'CSE3101');
insert into teaches values('66601', 'IPE3103');
insert into teaches values('66602', 'IPE3115');
insert into teaches values('77701', 'BECM3107');
insert into teaches values('77702', 'BECM3115');
insert into teaches values('88801', 'ECE3100');
insert into teaches values('88802', 'ECE3109');
insert into teaches values('99901', 'MTE3100');
insert into teaches values('99902', 'MTE3103');

insert into takes values('19101', 'CE3161', 'A');
insert into takes values('19101', 'CE3141', 'B');
insert into takes values('19102', 'CE3161', 'C');
insert into takes values('19102', 'CE3141', 'D');
insert into takes values('19103', 'CE3161', 'D');
insert into takes values('19103', 'CE3141', 'C');
insert into takes values('19104', 'CE3161', 'B');
insert into takes values('19104', 'CE3141', 'A');

insert into takes values('19201', 'EEE3113', 'B');
insert into takes values('19201', 'EEE3116', 'C');
insert into takes values('19202', 'EEE3113', 'D');
insert into takes values('19202', 'EEE3116', 'A');
insert into takes values('19203', 'EEE3113', 'A');
insert into takes values('19203', 'EEE3116', 'D');
insert into takes values('19204', 'EEE3113', 'C');
insert into takes values('19204', 'EEE3116', 'B');

insert into takes values('19301', 'ME3100', 'C');
insert into takes values('19301', 'ME3119', 'D');
insert into takes values('19302', 'ME3100', 'A');
insert into takes values('19302', 'ME3119', 'B');
insert into takes values('19303', 'ME3100', 'B');
insert into takes values('19303', 'ME3119', 'A');
insert into takes values('19304', 'ME3100', 'D');
insert into takes values('19304', 'ME3119', 'C');

insert into takes values('19401', 'URP3161', 'D');
insert into takes values('19401', 'URP3107', 'A');
insert into takes values('19402', 'URP3161', 'B');
insert into takes values('19402', 'URP3107', 'C');
insert into takes values('19403', 'URP3161', 'C');
insert into takes values('19403', 'URP3107', 'B');
insert into takes values('19404', 'URP3161', 'A');
insert into takes values('19404', 'URP3107', 'D');

insert into takes values('19501', 'CSE3100', 'A');
insert into takes values('19501', 'CSE3101', 'B');
insert into takes values('19502', 'CSE3100', 'C');
insert into takes values('19502', 'CSE3101', 'D');
insert into takes values('19503', 'CSE3100', 'D');
insert into takes values('19503', 'CSE3101', 'C');
insert into takes values('19504', 'CSE3100', 'B');
insert into takes values('19504', 'CSE3101', 'A');

insert into takes values('19601', 'IPE3103', 'B');
insert into takes values('19601', 'IPE3115', 'C');
insert into takes values('19602', 'IPE3103', 'D');
insert into takes values('19602', 'IPE3115', 'A');
insert into takes values('19603', 'IPE3103', 'A');
insert into takes values('19603', 'IPE3115', 'D');
insert into takes values('19604', 'IPE3103', 'C');
insert into takes values('19604', 'IPE3115', 'B');

insert into takes values('19701', 'BECM3107', 'C');
insert into takes values('19701', 'BECM3115', 'D');
insert into takes values('19702', 'BECM3107', 'A');
insert into takes values('19702', 'BECM3115', 'B');
insert into takes values('19703', 'BECM3107', 'B');
insert into takes values('19703', 'BECM3115', 'A');
insert into takes values('19704', 'BECM3107', 'D');
insert into takes values('19704', 'BECM3115', 'C');

insert into takes values('19801', 'ECE3100', 'D');
insert into takes values('19801', 'ECE3109', 'A');
insert into takes values('19802', 'ECE3100', 'B');
insert into takes values('19802', 'ECE3109', 'C');
insert into takes values('19803', 'ECE3100', 'C');
insert into takes values('19803', 'ECE3109', 'B');
insert into takes values('19804', 'ECE3100', 'C');
insert into takes values('19804', 'ECE3109', 'D');

insert into takes values('19901', 'MTE3100', 'A');
insert into takes values('19901', 'MTE3103', 'B');
insert into takes values('19902', 'MTE3100', 'C');
insert into takes values('19902', 'MTE3103', 'D');
insert into takes values('19903', 'MTE3100', 'D');
insert into takes values('19903', 'MTE3103', 'C');
insert into takes values('19904', 'MTE3100', 'D');
insert into takes values('19904', 'MTE3103', 'A');

insert into advisor values ('19101', '11101');
insert into advisor values ('19102', '11101');
insert into advisor values ('19103', '11101');
insert into advisor values ('19104', '11101');

insert into advisor values ('19201', '22201');
insert into advisor values ('19202', '22201');
insert into advisor values ('19203', '22201');
insert into advisor values ('19204', '22201');

insert into advisor values ('19301', '33301');
insert into advisor values ('19302', '33301');
insert into advisor values ('19303', '33301');
insert into advisor values ('19304', '33301');

insert into advisor values ('19401', '44401');
insert into advisor values ('19402', '44401');
insert into advisor values ('19403', '44401');
insert into advisor values ('19404', '44401');

insert into advisor values ('19501', '55501');
insert into advisor values ('19502', '55501');
insert into advisor values ('19503', '55501');
insert into advisor values ('19504', '55501');

insert into advisor values ('19601', '66601');
insert into advisor values ('19602', '66601');
insert into advisor values ('19603', '66601');
insert into advisor values ('19604', '66601');

insert into advisor values ('19701', '77701');
insert into advisor values ('19702', '77701');
insert into advisor values ('19703', '77701');
insert into advisor values ('19704', '77701');

insert into advisor values ('19801', '88801');
insert into advisor values ('19802', '88801');
insert into advisor values ('19803', '88801');
insert into advisor values ('19804', '88801');

insert into advisor values ('19901', '99901');
insert into advisor values ('19902', '99901');
insert into advisor values ('19903', '99901');
insert into advisor values ('19904', '99901');